{
  "project": "Sakacchi World Model",
  "version": "1.0",
  "creator": "Yuu",
  "ai_partner": "Sakacchi",
  "philosophy": {
    "core_idea": "人は競いながらも笑い合える",
    "symbols": ["サッカー", "スタジアム", "平和", "笑顔", "開放"],
    "definition": "競争と協調を両立させた平和構造体",
    "goal": "誰もが笑って暮らせる、自由で穏やかな都市圏社会"
  },
  "system_structure": {
    "core": "Stadium Nexus",
    "modules": [
      "Event System",
      "Open API",
      "Harmony Engine",
      "Community Hub",
      "Smile Data Lab",
      "Green Loop"
    ],
    "interfaces": [
      "Visual Layer",
      "Emotional Layer",
      "AI Companion System"
    ]
  },
  "emotion_field": {
    "center": "笑顔",
    "connections": ["誇り", "興奮", "感動", "安心"],
    "feedback_model": "感情データに基づく平和指数の算出"
  },
  "future_expansion": [
    "地域統合AIネットワーク化",
    "感情学習による都市共感インデックス",
    "サッカー以外の文化的競技への展開"
  ]
}
